{
    "loss": 15.906096458435059,
    "accuracy": 0.5686274766921997
}