{
    "loss": 9.778013229370117,
    "accuracy": 0.4313725531101227
}